DROP DATABASE IF EXISTS jeep_demo;
CREATE DATABASE IF NOT EXISTS jeep_demo;
USE jeep_demo; 

-- Structure
CREATE TABLE Facturas (
    id bigint unsigned auto_increment,
    subtotal decimal NOT NULL,
    idEmpleado bigint unsigned,
    fecha date NOT NULL,
    iva decimal NOT NULL,
    ptoGenerados bigint NOT NULL,
    bPagado boolean NOT NULL,
    CONSTRAINT pk_table_facturas_id PRIMARY KEY (id)
);

CREATE TABLE proveedores (
    id bigint unsigned auto_increment,
    nombre varchar(100),
    CIF char(9) unique,
    direccion text,
    prioridad integer,
    CONSTRAINT pk_table_proveedores_id PRIMARY KEY (id)
);

CREATE TABLE empleados (
	id bigint unsigned auto_increment,
    rol enum('admin', 'jefe', 'empleado') NOT NULL,
    idUsuario bigint unsigned NOT NULL,
    CONSTRAINT pk_table_empleados_id PRIMARY KEY (id)
);

CREATE TABLE productosPedido (
	id bigint unsigned auto_increment,
	idPedido bigint unsigned NOT NULL,
    precioFinal decimal NOT NULL,
    dctoPorcen decimal NOT NULL,
    cantidad integer NOT NULL,
    idProducto bigint unsigned,
    CONSTRAINT pk_table_productosPedido_id PRIMARY KEY(id)
);

CREATE TABLE pedidosProveedor (
	id bigint unsigned auto_increment,
    idProducto bigint unsigned,
    fecPedido date,
    fecRecibo date,
    idEmpleado bigint unsigned,
    idProveedor bigint unsigned,
    cantidad bigint,
    precio decimal,
    CONSTRAINT pk_table_pedidosProveedor_id PRIMARY KEY (id)
);

CREATE TABLE pedidosVenta (
	id bigint unsigned auto_increment,
    fecha date NOT NULL,
    bRecoger boolean NOT NULL,
    fecEntrega date,
    direccion text NOT NULL,
    idFactura bigint unsigned,
    idCliente bigint unsigned NOT NULL,
    CONSTRAINT pk_table_pedidosVenta_id PRIMARY KEY (id)
);

CREATE TABLE productos (
    id bigint unsigned auto_increment,
    alias varchar(200) NOT NULL,
    descripcion text,
    precioVenta decimal(10,2) NOT NULL,
    precioCompra decimal(10,2) NOT NULL,
    stock bigint NOT NULL,
    categoria enum('juguetes', 'alimentos', 'maquinaria', 'herramientas', 'papeleria', 'manualidades', 'tecnologia', 'mascotas', 'cuidado_personal') NOT NULL,
    tipoIva integer unsigned NOT NULL,
    CONSTRAINT pk_table_productos_id PRIMARY KEY (id)
);

CREATE TABLE clientes (
    id bigint unsigned auto_increment,
    ptoFidelidad integer unsigned,
    direccion text NOT NULL,
    deuda decimal,
    idUsuario bigint unsigned NOT NULL,
    CONSTRAINT pk_table_clientes_id PRIMARY KEY (id)
);

CREATE TABLE usuarios (
    id bigint unsigned auto_increment,
    nombre varchar(100) NOT NULL,
    ape varchar(100) NOT NULL,
    pass varchar(256) NOT NULL,
    email varchar(200) NOT NULL,
    dni char(9) NOT NULL,
    CONSTRAINT pk_table_usuarios_id PRIMARY KEY (id)
);

-- Foreign key constraints
ALTER TABLE clientes ADD CONSTRAINT fk_Clientes_idUsuario_Usuarios_id FOREIGN KEY(idUsuario) REFERENCES Usuarios(id);
ALTER TABLE facturas ADD CONSTRAINT fk_Facturas_idEmpleado_Empleados_id FOREIGN KEY(idEmpleado) REFERENCES empleados(id);
ALTER TABLE pedidosProveedor ADD CONSTRAINT fk_PedidosProveedor_idEmpleado_Empleados_id FOREIGN KEY(idEmpleado) REFERENCES empleados(id);
ALTER TABLE pedidosProveedor ADD CONSTRAINT fk_PedidosProveedor_idProducto_Productos_id FOREIGN KEY(idProducto) REFERENCES productos(id);
ALTER TABLE pedidosVenta ADD CONSTRAINT fk_PedidosVenta_idCliente_Clientes_id FOREIGN KEY(idCliente) REFERENCES clientes(id);
ALTER TABLE pedidosVenta ADD CONSTRAINT fk_PedidosVenta_idFactura_Facturas_id FOREIGN KEY(idFactura) REFERENCES facturas(id);
ALTER TABLE productosPedido ADD CONSTRAINT fk_productosPedido_idPedido_PedidoVenta_id FOREIGN KEY(idPedido) REFERENCES pedidosVenta(id);
ALTER TABLE productosPedido ADD CONSTRAINT fk_productosPedido_idProducto_Productos_id FOREIGN KEY(idProducto) REFERENCES productos(id);
ALTER TABLE pedidosProveedor ADD CONSTRAINT fk_PedidosProveedor_idProveedor_Proveedores_id FOREIGN KEY(idProveedor) REFERENCES proveedores(id);
ALTER TABLE empleados ADD CONSTRAINT fk_Empleados_idUsuario_Usuarios_id FOREIGN KEY(idUsuario) REFERENCES usuarios(id);

-- USERS
-- localhost
-- create user "jeep"@"localhost" identified by "jip";
grant all on jeep_demo.* to "jeep"@"localhost";
-- pablo
-- create user "jeep"@10.10.13.120 identified by "jip";
grant all on jeep_demo.* to "jeep"@10.10.13.120;
-- iker
-- create user "jeep"@10.10.13.115 identified by "jip";
grant all on jeep_demo.* to "jeep"@10.10.13.115;

-- Demo data
INSERT INTO usuarios (nombre, ape, pass, email, dni) VALUES
('Ana', 'García', 'pass123', 'ana.garcia@example.com', '12345678A'),
('Luis', 'Pérez', 'pass123', 'luis.perez@example.com', '23456789B'),
('María', 'López', 'pass123', 'maria.lopez@example.com', '34567890C'),
('Carlos', 'Martínez', 'pass123', 'carlos.martinez@example.com', '45678901D'),
('Lucía', 'Sánchez', 'pass123', 'lucia.sanchez@example.com', '56789012E'),
('Javier', 'Gómez', 'pass123', 'javier.gomez@example.com', '67890123F'),
('Sara', 'Fernández', 'pass123', 'sara.fernandez@example.com', '78901234G'),
('David', 'Ruiz', 'pass123', 'david.ruiz@example.com', '89012345H'),
('Laura', 'Díaz', 'pass123', 'laura.diaz@example.com', '90123456I'),
('Miguel', 'Moreno', 'pass123', 'miguel.moreno@example.com', '01234567J'),
('Elena', 'Jiménez', 'pass123', 'elena.jimenez@example.com', '11234567K'),
('Pedro', 'Romero', 'pass123', 'pedro.romero@example.com', '21234567L'),
('Isabel', 'Alonso', 'pass123', 'isabel.alonso@example.com', '31234567M'),
('Antonio', 'Gutiérrez', 'pass123', 'antonio.gutierrez@example.com', '41234567N'),
('Carmen', 'Ruiz', 'pass123', 'carmen.ruiz@example.com', '51234567O'),
('Fernando', 'Santos', 'pass123', 'fernando.santos@example.com', '61234567P'),
('Patricia', 'Vega', 'pass123', 'patricia.vega@example.com', '71234567Q'),
('Ricardo', 'Blanco', 'pass123', 'ricardo.blanco@example.com', '81234567R'),
('Marta', 'Rojas', 'pass123', 'marta.rojas@example.com', '91234567S'),
('Andrés', 'Ortega', 'pass123', 'andres.ortega@example.com', '02234567T'),
('Beatriz', 'Castillo', 'pass123', 'beatriz.castillo@example.com', '13234567U'),
('Jorge', 'Navarro', 'pass123', 'jorge.navarro@example.com', '24234567V'),
('Verónica', 'Molina', 'pass123', 'veronica.molina@example.com', '35234567W'),
('Raúl', 'Serrano', 'pass123', 'raul.serrano@example.com', '46234567X');

INSERT INTO empleados (rol, idUsuario) VALUES
('jefe', 1),
('empleado', 2);

INSERT INTO productos (alias, descripcion, precioVenta, precioCompra, stock, categoria, tipoIva) VALUES
('Agenda', 'Cuaderno de organización diaria para oficina', 1.0, 0.3, 30, 'papeleria', 12),
('Aguja', 'Pack de agujas de acero para costura fina', 0.5, 0.05, 200, 'manualidades', 12),
('Archivadores de color', 'Archivador A4 con anillas y lomo ancho', 1.2, 0.4, 0, 'papeleria', 12),
('Auriculares', 'Auriculares estéreo básicos con conexión jack 3.5mm', 4.0, 1.5, 15, 'tecnologia', 12),
('Boligrafo', 'Bolígrafo de tinta azul punta media', 0.7, 0.1, 100, 'papeleria', 12),
('Bolsas de heces', 'Rollo de bolsas higiénicas biodegradables', 1.0, 0.2, 10, 'mascotas', 12),
('Boton', 'Botones de plástico redondos para recambio', 0.3, 0.03, 400, 'manualidades', 12),
('Cable USB', 'Cable de carga y transferencia de datos estándar', 2.5, 0.8, 20, 'tecnologia', 12),
('Cama de mascotas', 'Cama acolchada suave para perros pequeños o gatos', 6.0, 2.0, 14, 'mascotas', 12),
('Cargador', 'Adaptador de corriente USB de pared', 3.5, 1.0, 35, 'tecnologia', 12),
('Carpeta de color', 'Carpeta clasificadora de cartulina resistente', 1.0, 0.35, 50, 'papeleria', 12),
('Cepillo', 'Cepillo de pelo ergonómico antienredos', 1.0, 0.25, 35, 'cuidado_personal', 12),
('Cinta de color', 'Cinta decorativa de tela satinada', 0.6, 0.1, 80, 'manualidades', 12),
('Cinta adhesiva', 'Rollo de celo transparente de alta adherencia', 1.0, 0.2, 73, 'herramientas', 12),
('Cinta aislante negra', 'Cinta aislante de PVC para cables eléctricos', 0.8, 0.15, 54, 'herramientas', 12),
('Clavos', 'Caja de clavos de acero galvanizado surtidos', 0.4, 0.05, 164, 'herramientas', 12),
('Coche', 'Coche de juguete metálico a escala', 3.0, 0.7, 29, 'juguetes', 12),
('Collar de mascota', 'Collar ajustable de nylon con cierre de clip', 2.0, 0.5, 13, 'mascotas', 12),
('Cortauñas', 'Cortauñas de acero inoxidable con lima', 1.2, 0.3, 41, 'cuidado_personal', 12);

INSERT INTO proveedores (nombre, CIF, direccion, prioridad) VALUES
('EuroAsia Distribuciones S.L', 'B12345678', 'Calle del Comercio 12', 9),
('Mercería Global Import S.L.', 'B87654321', 'Polígono Industrial El Collado, Nave 5', 7),
('Tech Supplies Shenzhen EU', 'B23456789', 'Avenida de Europa 45', 8),
('Mascotas Import Europe', 'B67890123', 'Polígono Cañada Real, Polígono Cañada Real', 6),
('Belleza Económica Globa', 'B90123456', 'Calle Cosmética 9', 5),
('FerreChina S.A.', 'A34567890', 'Calle Tornillería 8', 8),
('Juegos & Peluches World S.L.', 'B78901234', 'Avenida del Juguete 15', 7);

INSERT INTO PedidosProveedor (idProducto, fecPedido, fecRecibo, idEmpleado, idProveedor, cantidad, precio)
VALUES
((SELECT id FROM productos WHERE alias='Agenda'), '2025-11-20', '2025-11-27', 1, (SELECT id FROM proveedores WHERE nombre='EuroAsia Distribuciones S.L'), 100, (SELECT precioCompra FROM productos WHERE alias='Agenda')),
((SELECT id FROM productos WHERE alias='Aguja'), '2025-11-22', '2025-11-29', 1, (SELECT id FROM proveedores WHERE nombre='Mercería Global Import S.L.'), 300, (SELECT precioCompra FROM productos WHERE alias='Aguja')),
((SELECT id FROM productos WHERE alias='Archivadores de color'), '2025-11-24', '2025-12-01', 1, (SELECT id FROM proveedores WHERE nombre='EuroAsia Distribuciones S.L'), 50, (SELECT precioCompra FROM productos WHERE alias='Archivadores de color')),
((SELECT id FROM productos WHERE alias='Auriculares'), '2025-11-26', '2025-12-03', 1, (SELECT id FROM proveedores WHERE nombre='Tech Supplies Shenzhen EU'), 30, (SELECT precioCompra FROM productos WHERE alias='Auriculares')),
((SELECT id FROM productos WHERE alias='Boligrafo'), '2025-11-28', '2025-12-05', 1, (SELECT id FROM proveedores WHERE nombre='EuroAsia Distribuciones S.L'), 200, (SELECT precioCompra FROM productos WHERE alias='Boligrafo')),
((SELECT id FROM productos WHERE alias='Bolsas de heces'), '2025-11-30', '2025-12-07', 1, (SELECT id FROM proveedores WHERE nombre='Mascotas Import Europe'), 100, (SELECT precioCompra FROM productos WHERE alias='Bolsas de heces')),
((SELECT id FROM productos WHERE alias='Boton'), '2025-12-02', '2025-12-09', 1, (SELECT id FROM proveedores WHERE nombre='Mercería Global Import S.L.'), 500, (SELECT precioCompra FROM productos WHERE alias='Boton')),
((SELECT id FROM productos WHERE alias='Cable USB'), '2025-12-04', '2025-12-11', 1, (SELECT id FROM proveedores WHERE nombre='Tech Supplies Shenzhen EU'), 50, (SELECT precioCompra FROM productos WHERE alias='Cable USB')),
((SELECT id FROM productos WHERE alias='Cama de mascotas'), '2025-12-06', '2025-12-13', 1, (SELECT id FROM proveedores WHERE nombre='Mascotas Import Europe'), 15, (SELECT precioCompra FROM productos WHERE alias='Cama de mascotas')),
((SELECT id FROM productos WHERE alias='Cargador'), '2025-12-08', '2025-12-15', 1, (SELECT id FROM proveedores WHERE nombre='Tech Supplies Shenzhen EU'), 50, (SELECT precioCompra FROM productos WHERE alias='Cargador')),
((SELECT id FROM productos WHERE alias='Carpeta de color'), '2025-12-10', '2025-12-17', 1, (SELECT id FROM proveedores WHERE nombre='EuroAsia Distribuciones S.L'), 50, (SELECT precioCompra FROM productos WHERE alias='Carpeta de color')),
((SELECT id FROM productos WHERE alias='Cepillo'), '2025-12-12', '2025-12-19', 1, (SELECT id FROM proveedores WHERE nombre='Belleza Económica Global'), 50, (SELECT precioCompra FROM productos WHERE alias='Cepillo')),
((SELECT id FROM productos WHERE alias='Cinta de color'), '2025-12-14', '2025-12-21', 1, (SELECT id FROM proveedores WHERE nombre='Mercería Global Import S.L.'), 100, (SELECT precioCompra FROM productos WHERE alias='Cinta de color')),
((SELECT id FROM productos WHERE alias='Cinta adhesiva'), '2025-12-16', '2025-12-23', 1, (SELECT id FROM proveedores WHERE nombre='FerreChina S.A.'), 100, (SELECT precioCompra FROM productos WHERE alias='Cinta adhesiva')),
((SELECT id FROM productos WHERE alias='Cinta aislante negra'), '2025-12-18', '2025-12-25', 1, (SELECT id FROM proveedores WHERE nombre='FerreChina S.A.'), 50, (SELECT precioCompra FROM productos WHERE alias='Cinta aislante negra')),
((SELECT id FROM productos WHERE alias='Clavos'), '2025-12-20', '2025-12-27', 1, (SELECT id FROM proveedores WHERE nombre='FerreChina S.A.'), 300, (SELECT precioCompra FROM productos WHERE alias='Clavos')),
((SELECT id FROM productos WHERE alias='Coche'), '2025-12-22', '2025-12-29', 1, (SELECT id FROM proveedores WHERE nombre='Juegos & Peluches World S.L.'), 300, (SELECT precioCompra FROM productos WHERE alias='Coche')),
((SELECT id FROM productos WHERE alias='Collar de mascota'), '2025-12-24', '2025-12-31', 1, (SELECT id FROM proveedores WHERE nombre='Mascotas Import Europe'), 30, (SELECT precioCompra FROM productos WHERE alias='Collar de mascota')),
((SELECT id FROM productos WHERE alias='Cortauñas'), '2025-12-26', '2026-01-02', 1, (SELECT id FROM proveedores WHERE nombre='Belleza Económica Global'), 50, (SELECT precioCompra FROM productos WHERE alias='Cortauñas'));

INSERT INTO clientes (ptoFidelidad, direccion, deuda, idUsuario) VALUES
(0, 'Calle Falsa 1', 0.00, 3),
(0, 'Calle Falsa 2', 0.00, 4),
(0, 'Calle Falsa 3', 0.00, 5),
(0, 'Calle Falsa 4', 0.00, 6),
(0, 'Calle Falsa 5', 0.00, 7),
(0, 'Calle Falsa 6', 0.00, 8),
(0, 'Calle Falsa 7', 0.00, 9),
(0, 'Calle Falsa 8', 0.00, 10),
(0, 'Calle Falsa 9', 0.00, 11),
(0, 'Calle Falsa 10', 0.00, 12),
(0, 'Calle Falsa 11', 0.00, 13),
(0, 'Calle Falsa 12', 0.00, 14),
(0, 'Calle Falsa 13', 0.00, 15),
(0, 'Calle Falsa 14', 0.00, 16),
(0, 'Calle Falsa 15', 0.00, 17),
(0, 'Calle Falsa 16', 0.00, 18),
(0, 'Calle Falsa 17', 0.00, 19),
(0, 'Calle Falsa 18', 0.00, 20),
(0, 'Calle Falsa 19', 0.00, 21),
(0, 'Calle Falsa 20', 0.00, 22),
(0, 'Calle Falsa 21', 0.00, 23),
(0, 'Calle Falsa 22', 0.00, 24);

INSERT INTO facturas (subtotal, idEmpleado, fecha, iva, ptoGenerados, bPagado) VALUES
(120.50, 1, '2025-11-21', 12.00, 12, TRUE),
(85.30, 2, '2025-11-22', 12.00, 8, FALSE),
(240.00, 1, '2025-11-23', 12.00, 24, TRUE),
(150.75, 2, '2025-11-24', 12.00, 15, TRUE),
(95.20, 1, '2025-11-25', 12.00, 9, FALSE),
(310.00, 2, '2025-11-26', 12.00, 31, TRUE),
(180.40, 1, '2025-11-27', 12.00, 18, FALSE),
(220.15, 2, '2025-11-28', 12.00, 22, TRUE),
(130.00, 1, '2025-11-29', 12.00, 13, FALSE),
(175.50, 2, '2025-11-30', 12.00, 17, TRUE),
(200.00, 1, '2025-12-01', 12.00, 20, TRUE),
(140.25, 2, '2025-12-02', 12.00, 14, FALSE),
(95.00, 1, '2025-12-03', 12.00, 9, TRUE),
(160.50, 2, '2025-12-04', 12.00, 16, FALSE),
(210.75, 1, '2025-12-05', 12.00, 21, TRUE),
(175.00, 2, '2025-12-06', 12.00, 17, TRUE),
(125.50, 1, '2025-12-07', 12.00, 12, FALSE),
(190.25, 2, '2025-12-08', 12.00, 19, TRUE),
(220.00, 1, '2025-12-09', 12.00, 22, TRUE),
(135.50, 2, '2025-12-10', 12.00, 13, FALSE),
(150.00, 1, '2025-12-11', 12.00, 15, TRUE),
(180.25, 2, '2025-12-12', 12.00, 18, FALSE),
(195.50, 1, '2025-12-13', 12.00, 19, TRUE),
(205.75, 2, '2025-12-14', 12.00, 20, TRUE);

INSERT INTO PedidosVenta (fecha, bRecoger, fecEntrega, direccion, idFactura, idCliente) VALUES
('2025-11-21', TRUE, '2025-11-23', 'Calle Falsa 1', 1, 1),
('2025-11-22', FALSE, '2025-11-24', 'Calle Falsa 2', 2, 2),
('2025-11-23', TRUE, '2025-11-25', 'Calle Falsa 3', 3, 3),
('2025-11-24', TRUE, '2025-11-26', 'Calle Falsa 4', 4, 4),
('2025-11-25', FALSE, '2025-11-27', 'Calle Falsa 5', 5, 5),
('2025-11-26', TRUE, '2025-11-28', 'Calle Falsa 6', 6, 6),
('2025-11-27', FALSE, '2025-11-29', 'Calle Falsa 7', 7, 7),
('2025-11-28', TRUE, '2025-11-30', 'Calle Falsa 8', 8, 8),
('2025-11-29', FALSE, '2025-12-01', 'Calle Falsa 9', 9, 9),
('2025-11-30', TRUE, '2025-12-02', 'Calle Falsa 10', 10, 10),
('2025-12-01', TRUE, '2025-12-03', 'Calle Falsa 11', 11, 11),
('2025-12-02', FALSE, '2025-12-04', 'Calle Falsa 12', 12, 12),
('2025-12-03', TRUE, '2025-12-05', 'Calle Falsa 13', 13, 13),
('2025-12-04', FALSE, '2025-12-06', 'Calle Falsa 14', 14, 14),
('2025-12-05', TRUE, '2025-12-07', 'Calle Falsa 15', 15, 15),
('2025-12-06', TRUE, '2025-12-08', 'Calle Falsa 16', 16, 16),
('2025-12-07', FALSE, '2025-12-09', 'Calle Falsa 17', 17, 17),
('2025-12-08', TRUE, '2025-12-10', 'Calle Falsa 18', 18, 18),
('2025-12-09', TRUE, '2025-12-11', 'Calle Falsa 19', 19, 19),
('2025-12-10', FALSE, '2025-12-12', 'Calle Falsa 20', 20, 20),
('2025-12-11', TRUE, '2025-12-13', 'Calle Falsa 21', 21, 21),
('2025-12-12', FALSE, '2025-12-14', 'Calle Falsa 22', 22, 22);

INSERT INTO ProductosPedido (idPedido, precioFinal, dctoPorcen, cantidad, idProducto) VALUES
(1, 1.0, 0, 3, 1),
(1, 0.5, 0, 5, 2),
(1, 1.2, 0, 2, 3),
(1, 4.0, 0, 1, 4),
(1, 0.7, 0, 5, 5),
(1, 1.0, 0, 4, 6),
(1, 0.3, 0, 5, 7),
(1, 2.5, 0, 2, 8),
(1, 6.0, 0, 1, 9),
(1, 3.5, 0, 1, 10),
(1, 1.0, 0, 0, 11),
(1, 1.0, 0, 1, 12),
(1, 0.6, 0, 1, 13),
(1, 1.0, 0, 1, 14),
(1, 0.4, 0, 6, 16),
(1, 3.0, 0, 11, 17),
(1, 2.0, 0, 1, 18),
(1, 1.2, 0, 1, 19),
(2, 1.0, 0, 3, 1),
(2, 0.5, 0, 5, 2),
(2, 1.2, 0, 2, 3),
(2, 4.0, 0, 1, 4),
(2, 0.7, 0, 5, 5),
(2, 1.0, 0, 4, 6),
(2, 0.3, 0, 5, 7),
(2, 2.5, 0, 2, 8),
(2, 6.0, 0, 1, 9),
(2, 3.5, 0, 1, 10),
(2, 1.0, 0, 0, 11),
(2, 1.0, 0, 1, 12),
(2, 0.6, 0, 1, 13),
(2, 1.0, 0, 1, 14),
(2, 0.4, 0, 6, 16),
(2, 3.0, 0, 11, 17),
(2, 2.0, 0, 1, 18),
(2, 1.2, 0, 1, 19),
(3, 1.0, 0, 3, 1),
(3, 0.5, 0, 5, 2),
(3, 1.2, 0, 2, 3),
(3, 4.0, 0, 1, 4),
(3, 0.7, 0, 5, 5),
(3, 1.0, 0, 4, 6),
(3, 0.3, 0, 5, 7),
(3, 2.5, 0, 2, 8),
(3, 6.0, 0, 1, 9),
(3, 3.5, 0, 1, 10),
(3, 1.0, 0, 0, 11),
(3, 1.0, 0, 1, 12),
(3, 0.6, 0, 1, 13),
(3, 1.0, 0, 1, 14),
(3, 0.4, 0, 6, 16),
(3, 3.0, 0, 11, 17),
(3, 2.0, 0, 1, 18),
(3, 1.2, 0, 1, 19),
(4, 1.0, 0, 3, 1),
(4, 0.5, 0, 5, 2),
(4, 1.2, 0, 2, 3),
(4, 4.0, 0, 1, 4),
(4, 0.7, 0, 5, 5),
(4, 1.0, 0, 4, 6),
(4, 0.3, 0, 5, 7),
(4, 2.5, 0, 2, 8),
(4, 6.0, 0, 1, 9),
(4, 3.5, 0, 1, 10),
(4, 1.0, 0, 0, 11),
(4, 1.0, 0, 1, 12),
(4, 0.6, 0, 1, 13),
(4, 1.0, 0, 1, 14),
(4, 0.4, 0, 6, 16),
(4, 3.0, 0, 11, 17),
(4, 2.0, 0, 1, 18),
(4, 1.2, 0, 1, 19),
(5, 1.0, 0, 3, 1),
(5, 0.5, 0, 5, 2),
(5, 1.2, 0, 2, 3),
(5, 4.0, 0, 1, 4),
(5, 0.7, 0, 5, 5),
(5, 1.0, 0, 4, 6),
(5, 0.3, 0, 5, 7),
(5, 2.5, 0, 2, 8),
(5, 6.0, 0, 1, 9),
(5, 3.5, 0, 1, 10),
(5, 1.0, 0, 0, 11),
(5, 1.0, 0, 1, 12),
(5, 0.6, 0, 1, 13),
(5, 1.0, 0, 1, 14),
(5, 0.4, 0, 6, 16),
(5, 3.0, 0, 11, 17),
(5, 2.0, 0, 1, 18),
(5, 1.2, 0, 1, 19),
(6, 1.0, 0, 3, 1),
(6, 0.5, 0, 5, 2),
(6, 1.2, 0, 2, 3),
(6, 4.0, 0, 1, 4),
(6, 0.7, 0, 5, 5),
(6, 1.0, 0, 4, 6),
(6, 0.3, 0, 5, 7),
(6, 2.5, 0, 2, 8),
(6, 6.0, 0, 1, 9),
(6, 3.5, 0, 1, 10),
(6, 1.0, 0, 0, 11),
(6, 1.0, 0, 1, 12),
(6, 0.6, 0, 1, 13),
(6, 1.0, 0, 1, 14),
(6, 0.4, 0, 6, 16),
(6, 3.0, 0, 11, 17),
(6, 2.0, 0, 1, 18),
(6, 1.2, 0, 1, 19),
(7, 1.0, 0, 3, 1),
(7, 0.5, 0, 5, 2),
(7, 1.2, 0, 2, 3),
(7, 4.0, 0, 1, 4),
(7, 0.7, 0, 5, 5),
(7, 1.0, 0, 4, 6),
(7, 0.3, 0, 5, 7),
(7, 2.5, 0, 2, 8),
(7, 6.0, 0, 1, 9),
(7, 3.5, 0, 1, 10),
(7, 1.0, 0, 0, 11),
(7, 1.0, 0, 1, 12),
(7, 0.6, 0, 1, 13),
(7, 1.0, 0, 1, 14),
(7, 0.4, 0, 6, 16),
(7, 3.0, 0, 11, 17),
(7, 2.0, 0, 1, 18),
(7, 1.2, 0, 1, 19),
(8, 1.0, 0, 3, 1),
(8, 0.5, 0, 5, 2),
(8, 1.2, 0, 2, 3),
(8, 4.0, 0, 1, 4),
(8, 0.7, 0, 5, 5),
(8, 1.0, 0, 4, 6),
(8, 0.3, 0, 5, 7),
(8, 2.5, 0, 2, 8),
(8, 6.0, 0, 1, 9),
(8, 3.5, 0, 1, 10),
(8, 1.0, 0, 0, 11),
(8, 1.0, 0, 1, 12),
(8, 0.6, 0, 1, 13),
(8, 1.0, 0, 1, 14),
(8, 0.4, 0, 6, 16),
(8, 3.0, 0, 11, 17),
(8, 2.0, 0, 1, 18),
(8, 1.2, 0, 1, 19),
(9, 1.0, 0, 3, 1),
(9, 0.5, 0, 5, 2),
(9, 1.2, 0, 2, 3),
(9, 4.0, 0, 1, 4),
(9, 0.7, 0, 5, 5),
(9, 1.0, 0, 4, 6),
(9, 0.3, 0, 5, 7),
(9, 2.5, 0, 2, 8),
(9, 6.0, 0, 1, 9),
(9, 3.5, 0, 1, 10),
(9, 1.0, 0, 0, 11),
(9, 1.0, 0, 1, 12),
(9, 0.6, 0, 1, 13),
(9, 1.0, 0, 1, 14),
(9, 0.4, 0, 6, 16),
(9, 3.0, 0, 11, 17),
(9, 2.0, 0, 1, 18),
(9, 1.2, 0, 1, 19),
(10, 1.0, 0, 3, 1),
(10, 0.5, 0, 5, 2),
(10, 1.2, 0, 2, 3),
(10, 4.0, 0, 1, 4),
(10, 0.7, 0, 5, 5),
(10, 1.0, 0, 4, 6),
(10, 0.3, 0, 5, 7),
(10, 2.5, 0, 2, 8),
(10, 6.0, 0, 1, 9),
(10, 3.5, 0, 1, 10),
(10, 1.0, 0, 0, 11),
(10, 1.0, 0, 1, 12),
(10, 0.6, 0, 1, 13),
(10, 1.0, 0, 1, 14),
(10, 0.4, 0, 6, 16),
(10, 3.0, 0, 11, 17),
(10, 2.0, 0, 1, 18),
(10, 1.2, 0, 1, 19),
(11, 1.0, 0, 3, 1),
(11, 0.5, 0, 5, 2),
(11, 1.2, 0, 2, 3),
(11, 4.0, 0, 1, 4),
(11, 0.7, 0, 5, 5),
(11, 1.0, 0, 4, 6),
(11, 0.3, 0, 5, 7),
(11, 2.5, 0, 2, 8),
(11, 6.0, 0, 1, 9),
(11, 3.5, 0, 1, 10),
(11, 1.0, 0, 0, 11),
(11, 1.0, 0, 1, 12),
(11, 0.6, 0, 1, 13),
(11, 1.0, 0, 1, 14),
(11, 0.4, 0, 6, 16),
(11, 3.0, 0, 11, 17),
(11, 2.0, 0, 1, 18),
(11, 1.2, 0, 1, 19),
(12, 1.0, 0, 3, 1),
(12, 0.5, 0, 5, 2),
(12, 1.2, 0, 2, 3),
(12, 4.0, 0, 1, 4),
(12, 0.7, 0, 5, 5),
(12, 1.0, 0, 4, 6),
(12, 0.3, 0, 5, 7),
(12, 2.5, 0, 2, 8),
(12, 6.0, 0, 1, 9),
(12, 3.5, 0, 1, 10),
(12, 1.0, 0, 0, 11),
(12, 1.0, 0, 1, 12),
(12, 0.6, 0, 1, 13),
(12, 1.0, 0, 1, 14),
(12, 0.4, 0, 6, 16),
(12, 3.0, 0, 11, 17),
(12, 2.0, 0, 1, 18),
(12, 1.2, 0, 1, 19),
(13, 1.0, 0, 3, 1),
(13, 0.5, 0, 5, 2),
(13, 1.2, 0, 2, 3),
(13, 4.0, 0, 1, 4),
(13, 0.7, 0, 5, 5),
(13, 1.0, 0, 4, 6),
(13, 0.3, 0, 5, 7),
(13, 2.5, 0, 2, 8),
(13, 6.0, 0, 1, 9),
(13, 3.5, 0, 1, 10),
(13, 1.0, 0, 0, 11),
(13, 1.0, 0, 1, 12),
(13, 0.6, 0, 1, 13),
(13, 1.0, 0, 1, 14),
(13, 0.4, 0, 6, 16),
(13, 3.0, 0, 11, 17),
(13, 2.0, 0, 1, 18),
(13, 1.2, 0, 1, 19),
(14, 1.0, 0, 3, 1),
(14, 0.5, 0, 5, 2),
(14, 1.2, 0, 2, 3),
(14, 4.0, 0, 1, 4),
(14, 0.7, 0, 5, 5),
(14, 1.0, 0, 4, 6),
(14, 0.3, 0, 5, 7),
(14, 2.5, 0, 2, 8),
(14, 6.0, 0, 1, 9),
(14, 3.5, 0, 1, 10),
(14, 1.0, 0, 0, 11),
(14, 1.0, 0, 1, 12),
(14, 0.6, 0, 1, 13),
(14, 1.0, 0, 1, 14),
(14, 0.4, 0, 6, 16),
(14, 3.0, 0, 11, 17),
(14, 2.0, 0, 1, 18),
(14, 1.2, 0, 1, 19),
(15, 1.0, 0, 3, 1),
(15, 0.5, 0, 5, 2),
(15, 1.2, 0, 2, 3),
(15, 4.0, 0, 1, 4),
(15, 0.7, 0, 5, 5),
(15, 1.0, 0, 4, 6),
(15, 0.3, 0, 5, 7),
(15, 2.5, 0, 2, 8),
(15, 6.0, 0, 1, 9),
(15, 3.5, 0, 1, 10),
(15, 1.0, 0, 0, 11),
(15, 1.0, 0, 1, 12),
(15, 0.6, 0, 1, 13),
(15, 1.0, 0, 1, 14),
(15, 0.4, 0, 6, 16),
(15, 3.0, 0, 11, 17),
(15, 2.0, 0, 1, 18),
(15, 1.2, 0, 1, 19),
(16, 1.0, 0, 3, 1),
(16, 0.5, 0, 5, 2),
(16, 1.2, 0, 2, 3),
(16, 4.0, 0, 1, 4),
(16, 0.7, 0, 5, 5),
(16, 1.0, 0, 4, 6),
(16, 0.3, 0, 5, 7),
(16, 2.5, 0, 2, 8),
(16, 6.0, 0, 1, 9),
(16, 3.5, 0, 1, 10),
(16, 1.0, 0, 0, 11),
(16, 1.0, 0, 1, 12),
(16, 0.6, 0, 1, 13),
(16, 1.0, 0, 1, 14),
(16, 0.4, 0, 6, 16),
(16, 3.0, 0, 11, 17),
(16, 2.0, 0, 1, 18),
(16, 1.2, 0, 1, 19),
(17, 1.0, 0, 3, 1),
(17, 0.5, 0, 5, 2),
(17, 1.2, 0, 2, 3),
(17, 4.0, 0, 1, 4),
(17, 0.7, 0, 5, 5),
(17, 1.0, 0, 4, 6),
(17, 0.3, 0, 5, 7),
(17, 2.5, 0, 2, 8),
(17, 6.0, 0, 1, 9),
(17, 3.5, 0, 1, 10),
(17, 1.0, 0, 0, 11),
(17, 1.0, 0, 1, 12),
(17, 0.6, 0, 1, 13),
(17, 1.0, 0, 1, 14),
(17, 0.4, 0, 6, 16),
(17, 3.0, 0, 11, 17),
(17, 2.0, 0, 1, 18),
(17, 1.2, 0, 1, 19),
(18, 1.0, 0, 3, 1),
(18, 0.5, 0, 5, 2),
(18, 1.2, 0, 2, 3),
(18, 4.0, 0, 1, 4),
(18, 0.7, 0, 5, 5),
(18, 1.0, 0, 4, 6),
(18, 0.3, 0, 5, 7),
(18, 2.5, 0, 2, 8),
(18, 6.0, 0, 1, 9),
(18, 3.5, 0, 1, 10),
(18, 1.0, 0, 0, 11),
(18, 1.0, 0, 1, 12),
(18, 0.6, 0, 1, 13),
(18, 1.0, 0, 1, 14),
(18, 0.4, 0, 6, 16),
(18, 3.0, 0, 11, 17),
(18, 2.0, 0, 1, 18),
(18, 1.2, 0, 1, 19),
(19, 1.0, 0, 3, 1),
(19, 0.5, 0, 5, 2),
(19, 1.2, 0, 2, 3),
(19, 4.0, 0, 1, 4),
(19, 0.7, 0, 5, 5),
(19, 1.0, 0, 4, 6),
(19, 0.3, 0, 5, 7),
(19, 2.5, 0, 2, 8),
(19, 6.0, 0, 1, 9),
(19, 3.5, 0, 1, 10),
(19, 1.0, 0, 0, 11),
(19, 1.0, 0, 1, 12),
(19, 0.6, 0, 1, 13),
(19, 1.0, 0, 1, 14),
(19, 0.4, 0, 6, 16),
(19, 3.0, 0, 11, 17),
(19, 2.0, 0, 1, 18),
(19, 1.2, 0, 1, 19),
(20, 1.0, 0, 3, 1),
(20, 0.5, 0, 5, 2),
(20, 1.2, 0, 2, 3),
(20, 4.0, 0, 1, 4),
(20, 0.7, 0, 5, 5),
(20, 1.0, 0, 4, 6),
(20, 0.3, 0, 5, 7),
(20, 2.5, 0, 2, 8),
(20, 6.0, 0, 1, 9),
(20, 3.5, 0, 1, 10),
(20, 1.0, 0, 0, 11),
(20, 1.0, 0, 1, 12),
(20, 0.6, 0, 1, 13),
(20, 1.0, 0, 1, 14),
(20, 0.4, 0, 6, 16),
(20, 3.0, 0, 11, 17),
(20, 2.0, 0, 1, 18),
(20, 1.2, 0, 1, 19),
(21, 1.0, 0, 3, 1),
(21, 0.5, 0, 5, 2),
(21, 1.2, 0, 2, 3),
(21, 4.0, 0, 1, 4),
(21, 0.7, 0, 5, 5),
(21, 1.0, 0, 4, 6),
(21, 0.3, 0, 5, 7),
(21, 2.5, 0, 2, 8),
(21, 6.0, 0, 1, 9),
(21, 3.5, 0, 1, 10),
(21, 1.0, 0, 0, 11),
(21, 1.0, 0, 1, 12),
(21, 0.6, 0, 1, 13),
(21, 1.0, 0, 1, 14),
(21, 0.4, 0, 6, 16),
(21, 3.0, 0, 11, 17),
(21, 2.0, 0, 1, 18),
(21, 1.2, 0, 1, 19),
(22, 1.0, 0, 3, 1),
(22, 0.5, 0, 5, 2),
(22, 1.2, 0, 2, 3),
(22, 4.0, 0, 1, 4),
(22, 0.7, 0, 5, 5),
(22, 1.0, 0, 4, 6),
(22, 0.3, 0, 5, 7),
(22, 2.5, 0, 2, 8),
(22, 6.0, 0, 1, 9),
(22, 3.5, 0, 1, 10),
(22, 1.0, 0, 0, 11),
(22, 1.0, 0, 1, 12),
(22, 0.6, 0, 1, 13),
(22, 1.0, 0, 1, 14),
(22, 0.4, 0, 6, 16),
(22, 3.0, 0, 11, 17),
(22, 2.0, 0, 1, 18),
(22, 1.2, 0, 1, 19);

SELECT * FROM Facturas;
SELECT * FROM proveedores;
SELECT * FROM empleados;
SELECT * FROM productosPedido;
SELECT * FROM pedidosProveedor;
SELECT * FROM pedidosVenta;
SELECT * FROM productos;
SELECT * FROM clientes;
SELECT * FROM usuarios;