create database prueba;
use prueba;

CREATE TABLE IF NOT EXISTS productos (
    idProducto INT AUTO_INCREMENT PRIMARY KEY,
    alias VARCHAR(20),
    descripcion VARCHAR(100),
    precioVenta DECIMAL(10,2),
    precioCompra DECIMAL(10,2),
    stock INT,
    categoria VARCHAR(50),
    tipoIva DECIMAL(5,2)
);

CREATE TABLE IF NOT EXISTS proveedores (
    idProveedor INT AUTO_INCREMENT PRIMARY KEY,
    nombre VARCHAR(100),
    CIF VARCHAR(20),
    direccion VARCHAR(200),
    prioridad INT
);
drop table PedidosProveedor;
CREATE TABLE IF NOT EXISTS PedidosProveedor (
    idPedido INT AUTO_INCREMENT PRIMARY KEY,
    idProducto INT,
    fechaPedido DATE,
    fechaRecibo DATE,
    idEmpleado INT,
    idProveedor INT,
    cantidad INT,
    precio DECIMAL(10,2),
    FOREIGN KEY (idProducto) REFERENCES productos(idProducto),
    FOREIGN KEY (idProveedor) REFERENCES proveedores(idProveedor)
);

CREATE TABLE IF NOT EXISTS usuarios (
    idUsuario INT AUTO_INCREMENT PRIMARY KEY,
    nombre VARCHAR(50),
    apellido VARCHAR(50),
    contraseña VARCHAR(255),
    email VARCHAR(100),
    dni VARCHAR(20)
);

CREATE TABLE IF NOT EXISTS empleados (
    idEmpleado INT AUTO_INCREMENT PRIMARY KEY,
    rol ENUM('jefe','empleado') NOT NULL,
    idUsuario INT NOT NULL,
    FOREIGN KEY (idUsuario) REFERENCES usuarios(idUsuario)
);

CREATE TABLE IF NOT EXISTS facturas (
    idFactura INT AUTO_INCREMENT PRIMARY KEY,
    subtotal DECIMAL(10,2) NOT NULL,
    idEmpleado INT NOT NULL,
    fecha DATE NOT NULL,
    iva DECIMAL(5,2) NOT NULL,
    ptoGenerados INT DEFAULT 0,
    bPagado BOOLEAN DEFAULT FALSE,
    FOREIGN KEY (idEmpleado) REFERENCES empleados(idEmpleado)
);

CREATE TABLE IF NOT EXISTS clientes (
    idCliente INT AUTO_INCREMENT PRIMARY KEY,
    ptoFidelidad INT DEFAULT 0,
    direccion VARCHAR(200),
    deuda DECIMAL(10,2) DEFAULT 0.00,
    idUsuario INT NOT NULL,
    FOREIGN KEY (idUsuario) REFERENCES usuarios(idUsuario)
);

CREATE TABLE IF NOT EXISTS PedidoVenta (
    idPedido INT AUTO_INCREMENT PRIMARY KEY,
    fecha DATE NOT NULL,
    bRecogido BOOLEAN DEFAULT FALSE,
    fechaEntrega DATE,
    direccion VARCHAR(200),
    idFactura INT NOT NULL,
    idCliente INT NOT NULL,
    FOREIGN KEY (idFactura) REFERENCES facturas(idFactura),
    FOREIGN KEY (idCliente) REFERENCES clientes(idCliente)
);

drop table ProductosFactura;
CREATE TABLE IF NOT EXISTS ProductosFactura (
    idProductoFactura INT AUTO_INCREMENT PRIMARY KEY,
    idPedido INT NOT NULL,
    precioFinal DECIMAL(10,2) NOT NULL,
    descuentoPorcentaje DECIMAL(5,2) DEFAULT 0.00,
    cantidad INT NOT NULL,
    idProducto INT NOT NULL,
    FOREIGN KEY (idPedido) REFERENCES PedidoVenta(idPedido),
    FOREIGN KEY (idProducto) REFERENCES productos(idProducto)
);

INSERT INTO usuarios (nombre, apellido, contraseña, email, dni) VALUES
('Ana', 'García', 'pass123', 'ana.garcia@example.com', '12345678A'),
('Luis', 'Pérez', 'pass123', 'luis.perez@example.com', '23456789B'),
('María', 'López', 'pass123', 'maria.lopez@example.com', '34567890C'),
('Carlos', 'Martínez', 'pass123', 'carlos.martinez@example.com', '45678901D'),
('Lucía', 'Sánchez', 'pass123', 'lucia.sanchez@example.com', '56789012E'),
('Javier', 'Gómez', 'pass123', 'javier.gomez@example.com', '67890123F'),
('Sara', 'Fernández', 'pass123', 'sara.fernandez@example.com', '78901234G'),
('David', 'Ruiz', 'pass123', 'david.ruiz@example.com', '89012345H'),
('Laura', 'Díaz', 'pass123', 'laura.diaz@example.com', '90123456I'),
('Miguel', 'Moreno', 'pass123', 'miguel.moreno@example.com', '01234567J'),
('Elena', 'Jiménez', 'pass123', 'elena.jimenez@example.com', '11234567K'),
('Pedro', 'Romero', 'pass123', 'pedro.romero@example.com', '21234567L'),
('Isabel', 'Alonso', 'pass123', 'isabel.alonso@example.com', '31234567M'),
('Antonio', 'Gutiérrez', 'pass123', 'antonio.gutierrez@example.com', '41234567N'),
('Carmen', 'Ruiz', 'pass123', 'carmen.ruiz@example.com', '51234567O'),
('Fernando', 'Santos', 'pass123', 'fernando.santos@example.com', '61234567P'),
('Patricia', 'Vega', 'pass123', 'patricia.vega@example.com', '71234567Q'),
('Ricardo', 'Blanco', 'pass123', 'ricardo.blanco@example.com', '81234567R'),
('Marta', 'Rojas', 'pass123', 'marta.rojas@example.com', '91234567S'),
('Andrés', 'Ortega', 'pass123', 'andres.ortega@example.com', '02234567T'),
('Beatriz', 'Castillo', 'pass123', 'beatriz.castillo@example.com', '13234567U'),
('Jorge', 'Navarro', 'pass123', 'jorge.navarro@example.com', '24234567V'),
('Verónica', 'Molina', 'pass123', 'veronica.molina@example.com', '35234567W'),
('Raúl', 'Serrano', 'pass123', 'raul.serrano@example.com', '46234567X');

INSERT INTO empleados (rol, idUsuario) VALUES
('jefe', 1),
('empleado', 2);

INSERT INTO productos (alias, descripcion, precioVenta, precioCompra, stock, categoria, tipoIva) VALUES
('ag', 'Agenda', 1.0, 0.3, 30, 'Papeleria/Oficina', 12),
('aj', 'Aguja', 0.5, 0.05, 200, 'Costura/Manualidades', 12),
('ac', 'Archivadores de color', 1.2, 0.4, 0, 'Papeleria/Oficina', 12),
('au', 'Auriculares', 4.0, 1.5, 15, 'Tecnologia/Accesorios', 12),
('bl', 'Boligrafo', 0.7, 0.1, 100, 'Papeleria/Oficina', 12),
('bh', 'Bolsas de heces', 1.0, 0.2, 10, 'Mascota', 12),
('bt', 'Boton', 0.3, 0.03, 400, 'Costura/Manualidades', 12),
('cu', 'Cable USB', 2.5, 0.8, 20, 'Tecnologia/Accesorios', 12),
('cm', 'Cama de mascotas', 6.0, 2.0, 14, 'Mascota', 12),
('cg', 'Cargador', 3.5, 1.0, 35, 'Tecnologia/Accesorios', 12),
('cc', 'Carpeta de color', 1.0, 0.35, 50, 'Papeleria/Oficina', 12),
('cp', 'Cepillo', 1.0, 0.25, 35, 'Cuidado Personal', 12),
('ct', 'Cinta de color', 0.6, 0.1, 80, 'Costura/Manualidades', 12),
('ca', 'Cinta adhesiva', 1.0, 0.2, 73, 'Herramienta/Ferreteria', 12),
('ci', 'Cinta aislante negra', 0.8, 0.15, 54, 'Herramienta/Ferreteria', 12),
('cl', 'Clavos', 0.4, 0.05, 164, 'Herramienta/Ferreteria', 12),
('ch', 'Coche', 3.0, 0.7, 29, 'Juguetes/Regalos', 12),
('co', 'Collar de mascota', 2.0, 0.5, 13, 'Mascota', 12),
('cn', 'Cortauñas', 1.2, 0.3, 41, 'Cuidado Personal', 12);

INSERT INTO proveedores (nombre, CIF, direccion, prioridad) VALUES
('EuroAsia Distribuciones S.L', 'B12345678', 'Calle del Comercio 12', 9),
('Mercería Global Import S.L.', 'B87654321', 'Polígono Industrial El Collado, Nave 5', 7),
('Tech Supplies Shenzhen EU', 'B23456789', 'Avenida de Europa 45', 8),
('Mascotas Import Europe', 'B67890123', 'Polígono Cañada Real, Polígono Cañada Real', 6),
('Belleza Económica Globa', 'B90123456', 'Calle Cosmética 9', 5),
('FerreChina S.A.', 'A34567890', 'Calle Tornillería 8', 8),
('Juegos & Peluches World S.L.', 'B78901234', 'Avenida del Juguete 15', 7);

INSERT INTO PedidosProveedor (idProducto, fechaPedido, fechaRecibo, idEmpleado, idProveedor, cantidad, precio)
VALUES
((SELECT idProducto FROM productos WHERE descripcion='Agenda'), '2025-11-20', '2025-11-27', 1, (SELECT idProveedor FROM proveedores WHERE nombre='EuroAsia Distribuciones S.L'), 100, (SELECT precioCompra FROM productos WHERE descripcion='Agenda')),
((SELECT idProducto FROM productos WHERE descripcion='Aguja'), '2025-11-22', '2025-11-29', 1, (SELECT idProveedor FROM proveedores WHERE nombre='Mercería Global Import S.L.'), 300, (SELECT precioCompra FROM productos WHERE descripcion='Aguja')),
((SELECT idProducto FROM productos WHERE descripcion='Archivadores de color'), '2025-11-24', '2025-12-01', 1, (SELECT idProveedor FROM proveedores WHERE nombre='EuroAsia Distribuciones S.L'), 50, (SELECT precioCompra FROM productos WHERE descripcion='Archivadores de color')),
((SELECT idProducto FROM productos WHERE descripcion='Auriculares'), '2025-11-26', '2025-12-03', 1, (SELECT idProveedor FROM proveedores WHERE nombre='Tech Supplies Shenzhen EU'), 30, (SELECT precioCompra FROM productos WHERE descripcion='Auriculares')),
((SELECT idProducto FROM productos WHERE descripcion='Boligrafo'), '2025-11-28', '2025-12-05', 1, (SELECT idProveedor FROM proveedores WHERE nombre='EuroAsia Distribuciones S.L'), 200, (SELECT precioCompra FROM productos WHERE descripcion='Boligrafo')),
((SELECT idProducto FROM productos WHERE descripcion='Bolsas de heces'), '2025-11-30', '2025-12-07', 1, (SELECT idProveedor FROM proveedores WHERE nombre='Mascotas Import Europe'), 100, (SELECT precioCompra FROM productos WHERE descripcion='Bolsas de heces')),
((SELECT idProducto FROM productos WHERE descripcion='Boton'), '2025-12-02', '2025-12-09', 1, (SELECT idProveedor FROM proveedores WHERE nombre='Mercería Global Import S.L.'), 500, (SELECT precioCompra FROM productos WHERE descripcion='Boton')),
((SELECT idProducto FROM productos WHERE descripcion='Cable USB'), '2025-12-04', '2025-12-11', 1, (SELECT idProveedor FROM proveedores WHERE nombre='Tech Supplies Shenzhen EU'), 50, (SELECT precioCompra FROM productos WHERE descripcion='Cable USB')),
((SELECT idProducto FROM productos WHERE descripcion='Cama de mascotas'), '2025-12-06', '2025-12-13', 1, (SELECT idProveedor FROM proveedores WHERE nombre='Mascotas Import Europe'), 15, (SELECT precioCompra FROM productos WHERE descripcion='Cama de mascotas')),
((SELECT idProducto FROM productos WHERE descripcion='Cargador'), '2025-12-08', '2025-12-15', 1, (SELECT idProveedor FROM proveedores WHERE nombre='Tech Supplies Shenzhen EU'), 50, (SELECT precioCompra FROM productos WHERE descripcion='Cargador')),
((SELECT idProducto FROM productos WHERE descripcion='Carpeta de color'), '2025-12-10', '2025-12-17', 1, (SELECT idProveedor FROM proveedores WHERE nombre='EuroAsia Distribuciones S.L'), 50, (SELECT precioCompra FROM productos WHERE descripcion='Carpeta de color')),
((SELECT idProducto FROM productos WHERE descripcion='Cepillo'), '2025-12-12', '2025-12-19', 1, (SELECT idProveedor FROM proveedores WHERE nombre='Belleza Económica Globa'), 50, (SELECT precioCompra FROM productos WHERE descripcion='Cepillo')),
((SELECT idProducto FROM productos WHERE descripcion='Cinta de color'), '2025-12-14', '2025-12-21', 1, (SELECT idProveedor FROM proveedores WHERE nombre='Mercería Global Import S.L.'), 100, (SELECT precioCompra FROM productos WHERE descripcion='Cinta de color')),
((SELECT idProducto FROM productos WHERE descripcion='Cinta adhesiva'), '2025-12-16', '2025-12-23', 1, (SELECT idProveedor FROM proveedores WHERE nombre='FerreChina S.A.'), 100, (SELECT precioCompra FROM productos WHERE descripcion='Cinta adhesiva')),
((SELECT idProducto FROM productos WHERE descripcion='Cinta aislante negra'), '2025-12-18', '2025-12-25', 1, (SELECT idProveedor FROM proveedores WHERE nombre='FerreChina S.A.'), 50, (SELECT precioCompra FROM productos WHERE descripcion='Cinta aislante negra')),
((SELECT idProducto FROM productos WHERE descripcion='Clavos'), '2025-12-20', '2025-12-27', 1, (SELECT idProveedor FROM proveedores WHERE nombre='FerreChina S.A.'), 300, (SELECT precioCompra FROM productos WHERE descripcion='Clavos')),
((SELECT idProducto FROM productos WHERE descripcion='Coche'), '2025-12-22', '2025-12-29', 1, (SELECT idProveedor FROM proveedores WHERE nombre='Juegos & Peluches World S.L.'), 300, (SELECT precioCompra FROM productos WHERE descripcion='Coche')),
((SELECT idProducto FROM productos WHERE descripcion='Collar de mascota'), '2025-12-24', '2025-12-31', 1, (SELECT idProveedor FROM proveedores WHERE nombre='Mascotas Import Europe'), 30, (SELECT precioCompra FROM productos WHERE descripcion='Collar de mascota')),
((SELECT idProducto FROM productos WHERE descripcion='Cortauñas'), '2025-12-26', '2026-01-02', 1, (SELECT idProveedor FROM proveedores WHERE nombre='Belleza Económica Globa'), 50, (SELECT precioCompra FROM productos WHERE descripcion='Cortauñas'));

INSERT INTO clientes (ptoFidelidad, direccion, deuda, idUsuario) VALUES
(0, 'Calle Falsa 1', 0.00, 3),
(0, 'Calle Falsa 2', 0.00, 4),
(0, 'Calle Falsa 3', 0.00, 5),
(0, 'Calle Falsa 4', 0.00, 6),
(0, 'Calle Falsa 5', 0.00, 7),
(0, 'Calle Falsa 6', 0.00, 8),
(0, 'Calle Falsa 7', 0.00, 9),
(0, 'Calle Falsa 8', 0.00, 10),
(0, 'Calle Falsa 9', 0.00, 11),
(0, 'Calle Falsa 10', 0.00, 12),
(0, 'Calle Falsa 11', 0.00, 13),
(0, 'Calle Falsa 12', 0.00, 14),
(0, 'Calle Falsa 13', 0.00, 15),
(0, 'Calle Falsa 14', 0.00, 16),
(0, 'Calle Falsa 15', 0.00, 17),
(0, 'Calle Falsa 16', 0.00, 18),
(0, 'Calle Falsa 17', 0.00, 19),
(0, 'Calle Falsa 18', 0.00, 20),
(0, 'Calle Falsa 19', 0.00, 21),
(0, 'Calle Falsa 20', 0.00, 22),
(0, 'Calle Falsa 21', 0.00, 23),
(0, 'Calle Falsa 22', 0.00, 24);

INSERT INTO facturas (subtotal, idEmpleado, fecha, iva, ptoGenerados, bPagado) VALUES
(120.50, 1, '2025-11-21', 12.00, 12, TRUE),
(85.30, 2, '2025-11-22', 12.00, 8, FALSE),
(240.00, 1, '2025-11-23', 12.00, 24, TRUE),
(150.75, 2, '2025-11-24', 12.00, 15, TRUE),
(95.20, 1, '2025-11-25', 12.00, 9, FALSE),
(310.00, 2, '2025-11-26', 12.00, 31, TRUE),
(180.40, 1, '2025-11-27', 12.00, 18, FALSE),
(220.15, 2, '2025-11-28', 12.00, 22, TRUE),
(130.00, 1, '2025-11-29', 12.00, 13, FALSE),
(175.50, 2, '2025-11-30', 12.00, 17, TRUE),
(200.00, 1, '2025-12-01', 12.00, 20, TRUE),
(140.25, 2, '2025-12-02', 12.00, 14, FALSE),
(95.00, 1, '2025-12-03', 12.00, 9, TRUE),
(160.50, 2, '2025-12-04', 12.00, 16, FALSE),
(210.75, 1, '2025-12-05', 12.00, 21, TRUE),
(175.00, 2, '2025-12-06', 12.00, 17, TRUE),
(125.50, 1, '2025-12-07', 12.00, 12, FALSE),
(190.25, 2, '2025-12-08', 12.00, 19, TRUE),
(220.00, 1, '2025-12-09', 12.00, 22, TRUE),
(135.50, 2, '2025-12-10', 12.00, 13, FALSE),
(150.00, 1, '2025-12-11', 12.00, 15, TRUE),
(180.25, 2, '2025-12-12', 12.00, 18, FALSE),
(195.50, 1, '2025-12-13', 12.00, 19, TRUE),
(205.75, 2, '2025-12-14', 12.00, 20, TRUE);
TRUNCATE TABLE PedidoVenta;
INSERT INTO PedidoVenta (fecha, bRecogido, fechaEntrega, direccion, idFactura, idCliente) VALUES
('2025-11-21', TRUE, '2025-11-23', 'Calle Falsa 1', 1, 1),
('2025-11-22', FALSE, '2025-11-24', 'Calle Falsa 2', 2, 2),
('2025-11-23', TRUE, '2025-11-25', 'Calle Falsa 3', 3, 3),
('2025-11-24', TRUE, '2025-11-26', 'Calle Falsa 4', 4, 4),
('2025-11-25', FALSE, '2025-11-27', 'Calle Falsa 5', 5, 5),
('2025-11-26', TRUE, '2025-11-28', 'Calle Falsa 6', 6, 6),
('2025-11-27', FALSE, '2025-11-29', 'Calle Falsa 7', 7, 7),
('2025-11-28', TRUE, '2025-11-30', 'Calle Falsa 8', 8, 8),
('2025-11-29', FALSE, '2025-12-01', 'Calle Falsa 9', 9, 9),
('2025-11-30', TRUE, '2025-12-02', 'Calle Falsa 10', 10, 10),
('2025-12-01', TRUE, '2025-12-03', 'Calle Falsa 11', 11, 11),
('2025-12-02', FALSE, '2025-12-04', 'Calle Falsa 12', 12, 12),
('2025-12-03', TRUE, '2025-12-05', 'Calle Falsa 13', 13, 13),
('2025-12-04', FALSE, '2025-12-06', 'Calle Falsa 14', 14, 14),
('2025-12-05', TRUE, '2025-12-07', 'Calle Falsa 15', 15, 15),
('2025-12-06', TRUE, '2025-12-08', 'Calle Falsa 16', 16, 16),
('2025-12-07', FALSE, '2025-12-09', 'Calle Falsa 17', 17, 17),
('2025-12-08', TRUE, '2025-12-10', 'Calle Falsa 18', 18, 18),
('2025-12-09', TRUE, '2025-12-11', 'Calle Falsa 19', 19, 19),
('2025-12-10', FALSE, '2025-12-12', 'Calle Falsa 20', 20, 20),
('2025-12-11', TRUE, '2025-12-13', 'Calle Falsa 21', 21, 21),
('2025-12-12', FALSE, '2025-12-14', 'Calle Falsa 22', 22, 22);
truncate table ProductosFactura;
INSERT INTO ProductosFactura (idPedido, precioFinal, descuentoPorcentaje, cantidad, idProducto) VALUES
(1, 1.0, 0, 3, 1),
(1, 0.5, 0, 5, 2),
(1, 1.2, 0, 2, 3),
(1, 4.0, 0, 1, 4),
(1, 0.7, 0, 5, 5),
(1, 1.0, 0, 4, 6),
(1, 0.3, 0, 5, 7),
(1, 2.5, 0, 2, 8),
(1, 6.0, 0, 1, 9),
(1, 3.5, 0, 1, 10),
(1, 1.0, 0, 0, 11),
(1, 1.0, 0, 1, 12),
(1, 0.6, 0, 1, 13),
(1, 1.0, 0, 1, 14),
(1, 0.4, 0, 6, 16),
(1, 3.0, 0, 11, 17),
(1, 2.0, 0, 1, 18),
(1, 1.2, 0, 1, 19),
(2, 1.0, 0, 3, 1),
(2, 0.5, 0, 5, 2),
(2, 1.2, 0, 2, 3),
(2, 4.0, 0, 1, 4),
(2, 0.7, 0, 5, 5),
(2, 1.0, 0, 4, 6),
(2, 0.3, 0, 5, 7),
(2, 2.5, 0, 2, 8),
(2, 6.0, 0, 1, 9),
(2, 3.5, 0, 1, 10),
(2, 1.0, 0, 0, 11),
(2, 1.0, 0, 1, 12),
(2, 0.6, 0, 1, 13),
(2, 1.0, 0, 1, 14),
(2, 0.4, 0, 6, 16),
(2, 3.0, 0, 11, 17),
(2, 2.0, 0, 1, 18),
(2, 1.2, 0, 1, 19),
(3, 1.0, 0, 3, 1),
(3, 0.5, 0, 5, 2),
(3, 1.2, 0, 2, 3),
(3, 4.0, 0, 1, 4),
(3, 0.7, 0, 5, 5),
(3, 1.0, 0, 4, 6),
(3, 0.3, 0, 5, 7),
(3, 2.5, 0, 2, 8),
(3, 6.0, 0, 1, 9),
(3, 3.5, 0, 1, 10),
(3, 1.0, 0, 0, 11),
(3, 1.0, 0, 1, 12),
(3, 0.6, 0, 1, 13),
(3, 1.0, 0, 1, 14),
(3, 0.4, 0, 6, 16),
(3, 3.0, 0, 11, 17),
(3, 2.0, 0, 1, 18),
(3, 1.2, 0, 1, 19),
(4, 1.0, 0, 3, 1),
(4, 0.5, 0, 5, 2),
(4, 1.2, 0, 2, 3),
(4, 4.0, 0, 1, 4),
(4, 0.7, 0, 5, 5),
(4, 1.0, 0, 4, 6),
(4, 0.3, 0, 5, 7),
(4, 2.5, 0, 2, 8),
(4, 6.0, 0, 1, 9),
(4, 3.5, 0, 1, 10),
(4, 1.0, 0, 0, 11),
(4, 1.0, 0, 1, 12),
(4, 0.6, 0, 1, 13),
(4, 1.0, 0, 1, 14),
(4, 0.4, 0, 6, 16),
(4, 3.0, 0, 11, 17),
(4, 2.0, 0, 1, 18),
(4, 1.2, 0, 1, 19),
(5, 1.0, 0, 3, 1),
(5, 0.5, 0, 5, 2),
(5, 1.2, 0, 2, 3),
(5, 4.0, 0, 1, 4),
(5, 0.7, 0, 5, 5),
(5, 1.0, 0, 4, 6),
(5, 0.3, 0, 5, 7),
(5, 2.5, 0, 2, 8),
(5, 6.0, 0, 1, 9),
(5, 3.5, 0, 1, 10),
(5, 1.0, 0, 0, 11),
(5, 1.0, 0, 1, 12),
(5, 0.6, 0, 1, 13),
(5, 1.0, 0, 1, 14),
(5, 0.4, 0, 6, 16),
(5, 3.0, 0, 11, 17),
(5, 2.0, 0, 1, 18),
(5, 1.2, 0, 1, 19),
(6, 1.0, 0, 3, 1),
(6, 0.5, 0, 5, 2),
(6, 1.2, 0, 2, 3),
(6, 4.0, 0, 1, 4),
(6, 0.7, 0, 5, 5),
(6, 1.0, 0, 4, 6),
(6, 0.3, 0, 5, 7),
(6, 2.5, 0, 2, 8),
(6, 6.0, 0, 1, 9),
(6, 3.5, 0, 1, 10),
(6, 1.0, 0, 0, 11),
(6, 1.0, 0, 1, 12),
(6, 0.6, 0, 1, 13),
(6, 1.0, 0, 1, 14),
(6, 0.4, 0, 6, 16),
(6, 3.0, 0, 11, 17),
(6, 2.0, 0, 1, 18),
(6, 1.2, 0, 1, 19),
(7, 1.0, 0, 3, 1),
(7, 0.5, 0, 5, 2),
(7, 1.2, 0, 2, 3),
(7, 4.0, 0, 1, 4),
(7, 0.7, 0, 5, 5),
(7, 1.0, 0, 4, 6),
(7, 0.3, 0, 5, 7),
(7, 2.5, 0, 2, 8),
(7, 6.0, 0, 1, 9),
(7, 3.5, 0, 1, 10),
(7, 1.0, 0, 0, 11),
(7, 1.0, 0, 1, 12),
(7, 0.6, 0, 1, 13),
(7, 1.0, 0, 1, 14),
(7, 0.4, 0, 6, 16),
(7, 3.0, 0, 11, 17),
(7, 2.0, 0, 1, 18),
(7, 1.2, 0, 1, 19),
(8, 1.0, 0, 3, 1),
(8, 0.5, 0, 5, 2),
(8, 1.2, 0, 2, 3),
(8, 4.0, 0, 1, 4),
(8, 0.7, 0, 5, 5),
(8, 1.0, 0, 4, 6),
(8, 0.3, 0, 5, 7),
(8, 2.5, 0, 2, 8),
(8, 6.0, 0, 1, 9),
(8, 3.5, 0, 1, 10),
(8, 1.0, 0, 0, 11),
(8, 1.0, 0, 1, 12),
(8, 0.6, 0, 1, 13),
(8, 1.0, 0, 1, 14),
(8, 0.4, 0, 6, 16),
(8, 3.0, 0, 11, 17),
(8, 2.0, 0, 1, 18),
(8, 1.2, 0, 1, 19),
(9, 1.0, 0, 3, 1),
(9, 0.5, 0, 5, 2),
(9, 1.2, 0, 2, 3),
(9, 4.0, 0, 1, 4),
(9, 0.7, 0, 5, 5),
(9, 1.0, 0, 4, 6),
(9, 0.3, 0, 5, 7),
(9, 2.5, 0, 2, 8),
(9, 6.0, 0, 1, 9),
(9, 3.5, 0, 1, 10),
(9, 1.0, 0, 0, 11),
(9, 1.0, 0, 1, 12),
(9, 0.6, 0, 1, 13),
(9, 1.0, 0, 1, 14),
(9, 0.4, 0, 6, 16),
(9, 3.0, 0, 11, 17),
(9, 2.0, 0, 1, 18),
(9, 1.2, 0, 1, 19),
(10, 1.0, 0, 3, 1),
(10, 0.5, 0, 5, 2),
(10, 1.2, 0, 2, 3),
(10, 4.0, 0, 1, 4),
(10, 0.7, 0, 5, 5),
(10, 1.0, 0, 4, 6),
(10, 0.3, 0, 5, 7),
(10, 2.5, 0, 2, 8),
(10, 6.0, 0, 1, 9),
(10, 3.5, 0, 1, 10),
(10, 1.0, 0, 0, 11),
(10, 1.0, 0, 1, 12),
(10, 0.6, 0, 1, 13),
(10, 1.0, 0, 1, 14),
(10, 0.4, 0, 6, 16),
(10, 3.0, 0, 11, 17),
(10, 2.0, 0, 1, 18),
(10, 1.2, 0, 1, 19),
(11, 1.0, 0, 3, 1),
(11, 0.5, 0, 5, 2),
(11, 1.2, 0, 2, 3),
(11, 4.0, 0, 1, 4),
(11, 0.7, 0, 5, 5),
(11, 1.0, 0, 4, 6),
(11, 0.3, 0, 5, 7),
(11, 2.5, 0, 2, 8),
(11, 6.0, 0, 1, 9),
(11, 3.5, 0, 1, 10),
(11, 1.0, 0, 0, 11),
(11, 1.0, 0, 1, 12),
(11, 0.6, 0, 1, 13),
(11, 1.0, 0, 1, 14),
(11, 0.4, 0, 6, 16),
(11, 3.0, 0, 11, 17),
(11, 2.0, 0, 1, 18),
(11, 1.2, 0, 1, 19),
(12, 1.0, 0, 3, 1),
(12, 0.5, 0, 5, 2),
(12, 1.2, 0, 2, 3),
(12, 4.0, 0, 1, 4),
(12, 0.7, 0, 5, 5),
(12, 1.0, 0, 4, 6),
(12, 0.3, 0, 5, 7),
(12, 2.5, 0, 2, 8),
(12, 6.0, 0, 1, 9),
(12, 3.5, 0, 1, 10),
(12, 1.0, 0, 0, 11),
(12, 1.0, 0, 1, 12),
(12, 0.6, 0, 1, 13),
(12, 1.0, 0, 1, 14),
(12, 0.4, 0, 6, 16),
(12, 3.0, 0, 11, 17),
(12, 2.0, 0, 1, 18),
(12, 1.2, 0, 1, 19),
(13, 1.0, 0, 3, 1),
(13, 0.5, 0, 5, 2),
(13, 1.2, 0, 2, 3),
(13, 4.0, 0, 1, 4),
(13, 0.7, 0, 5, 5),
(13, 1.0, 0, 4, 6),
(13, 0.3, 0, 5, 7),
(13, 2.5, 0, 2, 8),
(13, 6.0, 0, 1, 9),
(13, 3.5, 0, 1, 10),
(13, 1.0, 0, 0, 11),
(13, 1.0, 0, 1, 12),
(13, 0.6, 0, 1, 13),
(13, 1.0, 0, 1, 14),
(13, 0.4, 0, 6, 16),
(13, 3.0, 0, 11, 17),
(13, 2.0, 0, 1, 18),
(13, 1.2, 0, 1, 19),
(14, 1.0, 0, 3, 1),
(14, 0.5, 0, 5, 2),
(14, 1.2, 0, 2, 3),
(14, 4.0, 0, 1, 4),
(14, 0.7, 0, 5, 5),
(14, 1.0, 0, 4, 6),
(14, 0.3, 0, 5, 7),
(14, 2.5, 0, 2, 8),
(14, 6.0, 0, 1, 9),
(14, 3.5, 0, 1, 10),
(14, 1.0, 0, 0, 11),
(14, 1.0, 0, 1, 12),
(14, 0.6, 0, 1, 13),
(14, 1.0, 0, 1, 14),
(14, 0.4, 0, 6, 16),
(14, 3.0, 0, 11, 17),
(14, 2.0, 0, 1, 18),
(14, 1.2, 0, 1, 19),
(15, 1.0, 0, 3, 1),
(15, 0.5, 0, 5, 2),
(15, 1.2, 0, 2, 3),
(15, 4.0, 0, 1, 4),
(15, 0.7, 0, 5, 5),
(15, 1.0, 0, 4, 6),
(15, 0.3, 0, 5, 7),
(15, 2.5, 0, 2, 8),
(15, 6.0, 0, 1, 9),
(15, 3.5, 0, 1, 10),
(15, 1.0, 0, 0, 11),
(15, 1.0, 0, 1, 12),
(15, 0.6, 0, 1, 13),
(15, 1.0, 0, 1, 14),
(15, 0.4, 0, 6, 16),
(15, 3.0, 0, 11, 17),
(15, 2.0, 0, 1, 18),
(15, 1.2, 0, 1, 19),
(16, 1.0, 0, 3, 1),
(16, 0.5, 0, 5, 2),
(16, 1.2, 0, 2, 3),
(16, 4.0, 0, 1, 4),
(16, 0.7, 0, 5, 5),
(16, 1.0, 0, 4, 6),
(16, 0.3, 0, 5, 7),
(16, 2.5, 0, 2, 8),
(16, 6.0, 0, 1, 9),
(16, 3.5, 0, 1, 10),
(16, 1.0, 0, 0, 11),
(16, 1.0, 0, 1, 12),
(16, 0.6, 0, 1, 13),
(16, 1.0, 0, 1, 14),
(16, 0.4, 0, 6, 16),
(16, 3.0, 0, 11, 17),
(16, 2.0, 0, 1, 18),
(16, 1.2, 0, 1, 19),
(17, 1.0, 0, 3, 1),
(17, 0.5, 0, 5, 2),
(17, 1.2, 0, 2, 3),
(17, 4.0, 0, 1, 4),
(17, 0.7, 0, 5, 5),
(17, 1.0, 0, 4, 6),
(17, 0.3, 0, 5, 7),
(17, 2.5, 0, 2, 8),
(17, 6.0, 0, 1, 9),
(17, 3.5, 0, 1, 10),
(17, 1.0, 0, 0, 11),
(17, 1.0, 0, 1, 12),
(17, 0.6, 0, 1, 13),
(17, 1.0, 0, 1, 14),
(17, 0.4, 0, 6, 16),
(17, 3.0, 0, 11, 17),
(17, 2.0, 0, 1, 18),
(17, 1.2, 0, 1, 19),
(18, 1.0, 0, 3, 1),
(18, 0.5, 0, 5, 2),
(18, 1.2, 0, 2, 3),
(18, 4.0, 0, 1, 4),
(18, 0.7, 0, 5, 5),
(18, 1.0, 0, 4, 6),
(18, 0.3, 0, 5, 7),
(18, 2.5, 0, 2, 8),
(18, 6.0, 0, 1, 9),
(18, 3.5, 0, 1, 10),
(18, 1.0, 0, 0, 11),
(18, 1.0, 0, 1, 12),
(18, 0.6, 0, 1, 13),
(18, 1.0, 0, 1, 14),
(18, 0.4, 0, 6, 16),
(18, 3.0, 0, 11, 17),
(18, 2.0, 0, 1, 18),
(18, 1.2, 0, 1, 19),
(19, 1.0, 0, 3, 1),
(19, 0.5, 0, 5, 2),
(19, 1.2, 0, 2, 3),
(19, 4.0, 0, 1, 4),
(19, 0.7, 0, 5, 5),
(19, 1.0, 0, 4, 6),
(19, 0.3, 0, 5, 7),
(19, 2.5, 0, 2, 8),
(19, 6.0, 0, 1, 9),
(19, 3.5, 0, 1, 10),
(19, 1.0, 0, 0, 11),
(19, 1.0, 0, 1, 12),
(19, 0.6, 0, 1, 13),
(19, 1.0, 0, 1, 14),
(19, 0.4, 0, 6, 16),
(19, 3.0, 0, 11, 17),
(19, 2.0, 0, 1, 18),
(19, 1.2, 0, 1, 19),
(20, 1.0, 0, 3, 1),
(20, 0.5, 0, 5, 2),
(20, 1.2, 0, 2, 3),
(20, 4.0, 0, 1, 4),
(20, 0.7, 0, 5, 5),
(20, 1.0, 0, 4, 6),
(20, 0.3, 0, 5, 7),
(20, 2.5, 0, 2, 8),
(20, 6.0, 0, 1, 9),
(20, 3.5, 0, 1, 10),
(20, 1.0, 0, 0, 11),
(20, 1.0, 0, 1, 12),
(20, 0.6, 0, 1, 13),
(20, 1.0, 0, 1, 14),
(20, 0.4, 0, 6, 16),
(20, 3.0, 0, 11, 17),
(20, 2.0, 0, 1, 18),
(20, 1.2, 0, 1, 19),
(21, 1.0, 0, 3, 1),
(21, 0.5, 0, 5, 2),
(21, 1.2, 0, 2, 3),
(21, 4.0, 0, 1, 4),
(21, 0.7, 0, 5, 5),
(21, 1.0, 0, 4, 6),
(21, 0.3, 0, 5, 7),
(21, 2.5, 0, 2, 8),
(21, 6.0, 0, 1, 9),
(21, 3.5, 0, 1, 10),
(21, 1.0, 0, 0, 11),
(21, 1.0, 0, 1, 12),
(21, 0.6, 0, 1, 13),
(21, 1.0, 0, 1, 14),
(21, 0.4, 0, 6, 16),
(21, 3.0, 0, 11, 17),
(21, 2.0, 0, 1, 18),
(21, 1.2, 0, 1, 19),
(22, 1.0, 0, 3, 1),
(22, 0.5, 0, 5, 2),
(22, 1.2, 0, 2, 3),
(22, 4.0, 0, 1, 4),
(22, 0.7, 0, 5, 5),
(22, 1.0, 0, 4, 6),
(22, 0.3, 0, 5, 7),
(22, 2.5, 0, 2, 8),
(22, 6.0, 0, 1, 9),
(22, 3.5, 0, 1, 10),
(22, 1.0, 0, 0, 11),
(22, 1.0, 0, 1, 12),
(22, 0.6, 0, 1, 13),
(22, 1.0, 0, 1, 14),
(22, 0.4, 0, 6, 16),
(22, 3.0, 0, 11, 17),
(22, 2.0, 0, 1, 18),
(22, 1.2, 0, 1, 19);
